[{"model": "contenttypes.contenttype", "pk": 1, "fields": {"app_label": "admin", "model": "logentry"}}, {"model": "contenttypes.contenttype", "pk": 2, "fields": {"app_label": "auth", "model": "permission"}}, {"model": "contenttypes.contenttype", "pk": 3, "fields": {"app_label": "auth", "model": "group"}}, {"model": "contenttypes.contenttype", "pk": 4, "fields": {"app_label": "auth", "model": "user"}}, {"model": "contenttypes.contenttype", "pk": 5, "fields": {"app_label": "contenttypes", "model": "contenttype"}}, {"model": "contenttypes.contenttype", "pk": 6, "fields": {"app_label": "sessions", "model": "session"}}, {"model": "contenttypes.contenttype", "pk": 7, "fields": {"app_label": "blog", "model": "blogtype"}}, {"model": "contenttypes.contenttype", "pk": 8, "fields": {"app_label": "blog", "model": "blog"}}, {"model": "contenttypes.contenttype", "pk": 9, "fields": {"app_label": "read_statistics", "model": "readnum"}}, {"model": "contenttypes.contenttype", "pk": 10, "fields": {"app_label": "read_statistics", "model": "readdetail"}}, {"model": "contenttypes.contenttype", "pk": 11, "fields": {"app_label": "comment", "model": "comment"}}, {"model": "contenttypes.contenttype", "pk": 12, "fields": {"app_label": "likes", "model": "likerecord"}}, {"model": "contenttypes.contenttype", "pk": 13, "fields": {"app_label": "likes", "model": "likecount"}}, {"model": "contenttypes.contenttype", "pk": 14, "fields": {"app_label": "user", "model": "profile"}}, {"model": "sessions.session", "pk": "73s2jxqgqy1ck2zibh16ihd5udkfypsh", "fields": {"session_data": "Y2QwYTk0MTdkNTMyYjgwNjZjODA2YTQ2ZmZlODFlOGNlZmJiNzgxZjp7Il9hdXRoX3VzZXJfaWQiOiIxIiwiX2F1dGhfdXNlcl9iYWNrZW5kIjoiZGphbmdvLmNvbnRyaWIuYXV0aC5iYWNrZW5kcy5Nb2RlbEJhY2tlbmQiLCJfYXV0aF91c2VyX2hhc2giOiI1YmI2MDAwYThhNGRlYTJjMjNhYzUyNDBlNGY3NGNkMjlmMzY3NWEzIn0=", "expire_date": "2021-05-02T08:55:24.072Z"}}, {"model": "sessions.session", "pk": "eftx40v1ohiixpacqb4xh2pglifkdpuk", "fields": {"session_data": "ZTIxMjcwNjFlZmU3MTI0OGFmNzNlYmE1OGJhNzgyODhmMTAzZGFjODp7Il9hdXRoX3VzZXJfaWQiOiIxIiwiX2F1dGhfdXNlcl9iYWNrZW5kIjoiZGphbmdvLmNvbnRyaWIuYXV0aC5iYWNrZW5kcy5Nb2RlbEJhY2tlbmQiLCJfYXV0aF91c2VyX2hhc2giOiI3MDgxZmVkODY0MzM0NzhhYTVhZjI2MjI0OTQwMGVhYWMxMGQxYTRhIn0=", "expire_date": "2021-05-03T15:06:13.007Z"}}, {"model": "sessions.session", "pk": "ur1zn6v6kbjn192xuxpqev67ny9z3wyv", "fields": {"session_data": "Y2QwYTk0MTdkNTMyYjgwNjZjODA2YTQ2ZmZlODFlOGNlZmJiNzgxZjp7Il9hdXRoX3VzZXJfaWQiOiIxIiwiX2F1dGhfdXNlcl9iYWNrZW5kIjoiZGphbmdvLmNvbnRyaWIuYXV0aC5iYWNrZW5kcy5Nb2RlbEJhY2tlbmQiLCJfYXV0aF91c2VyX2hhc2giOiI1YmI2MDAwYThhNGRlYTJjMjNhYzUyNDBlNGY3NGNkMjlmMzY3NWEzIn0=", "expire_date": "2021-05-03T10:37:56.694Z"}}, {"model": "sessions.session", "pk": "xxqwilokvn4085sgiw2e6qmnm8onpga0", "fields": {"session_data": "YmM5ZDk2ZjJhYWJkMzg3M2Q5MjQ1NzA5ZmUwYmFmNzI3ZDQ4Y2E3Mjp7Il9hdXRoX3VzZXJfaWQiOiI0IiwiX2F1dGhfdXNlcl9iYWNrZW5kIjoiZGphbmdvLmNvbnRyaWIuYXV0aC5iYWNrZW5kcy5Nb2RlbEJhY2tlbmQiLCJfYXV0aF91c2VyX2hhc2giOiJjOTQ2ZTY0YzE1NWQ5MjQ1NTI4Mjk3OGJkZWI4ZjAyZDA3YzA4YTE3In0=", "expire_date": "2021-05-03T14:56:15.404Z"}}, {"model": "blog.blogtype", "pk": 1, "fields": {"type_name": "A\u5206\u7c7b"}}, {"model": "blog.blogtype", "pk": 2, "fields": {"type_name": "B\u5206\u7c7b"}}, {"model": "blog.blogtype", "pk": 3, "fields": {"type_name": "C\u5206\u7c7b"}}, {"model": "read_statistics.readnum", "pk": 1, "fields": {"read_num": 10, "content_type": 8, "object_id": 5}}, {"model": "read_statistics.readnum", "pk": 2, "fields": {"read_num": 4, "content_type": 8, "object_id": 11}}, {"model": "read_statistics.readnum", "pk": 3, "fields": {"read_num": 1, "content_type": 8, "object_id": 10}}, {"model": "read_statistics.readnum", "pk": 4, "fields": {"read_num": 1, "content_type": 8, "object_id": 9}}, {"model": "read_statistics.readdetail", "pk": 1, "fields": {"date": "2021-04-18", "read_num": 5, "content_type": 8, "object_id": 4}}, {"model": "read_statistics.readdetail", "pk": 2, "fields": {"date": "2021-04-19", "read_num": 3, "content_type": 8, "object_id": 11}}, {"model": "read_statistics.readdetail", "pk": 3, "fields": {"date": "2021-04-19", "read_num": 1, "content_type": 8, "object_id": 10}}, {"model": "read_statistics.readdetail", "pk": 4, "fields": {"date": "2021-04-19", "read_num": 1, "content_type": 8, "object_id": 9}}, {"model": "read_statistics.readdetail", "pk": 5, "fields": {"date": "2021-04-20", "read_num": 1, "content_type": 8, "object_id": 11}}, {"model": "likes.likecount", "pk": 1, "fields": {"content_type": 8, "object_id": 11, "liked_num": 1}}, {"model": "likes.likecount", "pk": 2, "fields": {"content_type": 11, "object_id": 13, "liked_num": 1}}, {"model": "likes.likecount", "pk": 3, "fields": {"content_type": 11, "object_id": 11, "liked_num": 1}}, {"model": "likes.likecount", "pk": 4, "fields": {"content_type": 11, "object_id": 12, "liked_num": 1}}, {"model": "likes.likecount", "pk": 5, "fields": {"content_type": 11, "object_id": 6, "liked_num": 0}}, {"model": "likes.likecount", "pk": 6, "fields": {"content_type": 11, "object_id": 10, "liked_num": 0}}, {"model": "likes.likecount", "pk": 7, "fields": {"content_type": 11, "object_id": 9, "liked_num": 0}}, {"model": "likes.likecount", "pk": 8, "fields": {"content_type": 11, "object_id": 5, "liked_num": 0}}, {"model": "likes.likecount", "pk": 9, "fields": {"content_type": 11, "object_id": 4, "liked_num": 0}}, {"model": "likes.likecount", "pk": 10, "fields": {"content_type": 11, "object_id": 3, "liked_num": 0}}, {"model": "likes.likecount", "pk": 11, "fields": {"content_type": 11, "object_id": 2, "liked_num": 0}}, {"model": "likes.likecount", "pk": 12, "fields": {"content_type": 11, "object_id": 1, "liked_num": 0}}, {"model": "likes.likecount", "pk": 13, "fields": {"content_type": 8, "object_id": 10, "liked_num": 0}}, {"model": "likes.likecount", "pk": 14, "fields": {"content_type": 8, "object_id": 9, "liked_num": 0}}, {"model": "likes.likecount", "pk": 15, "fields": {"content_type": 8, "object_id": 8, "liked_num": 0}}, {"model": "likes.likecount", "pk": 16, "fields": {"content_type": 8, "object_id": 7, "liked_num": 0}}, {"model": "likes.likecount", "pk": 17, "fields": {"content_type": 8, "object_id": 6, "liked_num": 0}}, {"model": "likes.likecount", "pk": 18, "fields": {"content_type": 8, "object_id": 5, "liked_num": 0}}, {"model": "likes.likecount", "pk": 19, "fields": {"content_type": 8, "object_id": 4, "liked_num": 0}}, {"model": "likes.likecount", "pk": 20, "fields": {"content_type": 11, "object_id": 14, "liked_num": 0}}, {"model": "likes.likecount", "pk": 21, "fields": {"content_type": 11, "object_id": 15, "liked_num": 0}}, {"model": "likes.likecount", "pk": 22, "fields": {"content_type": 11, "object_id": 16, "liked_num": 0}}, {"model": "likes.likecount", "pk": 23, "fields": {"content_type": 11, "object_id": 17, "liked_num": 0}}, {"model": "likes.likecount", "pk": 24, "fields": {"content_type": 11, "object_id": 18, "liked_num": 0}}, {"model": "likes.likecount", "pk": 25, "fields": {"content_type": 11, "object_id": 19, "liked_num": 0}}, {"model": "likes.likecount", "pk": 26, "fields": {"content_type": 11, "object_id": 20, "liked_num": 0}}, {"model": "likes.likecount", "pk": 27, "fields": {"content_type": 11, "object_id": 31, "liked_num": 0}}, {"model": "likes.likecount", "pk": 28, "fields": {"content_type": 11, "object_id": 30, "liked_num": 0}}, {"model": "likes.likecount", "pk": 29, "fields": {"content_type": 11, "object_id": 29, "liked_num": 0}}, {"model": "likes.likecount", "pk": 30, "fields": {"content_type": 11, "object_id": 28, "liked_num": 0}}, {"model": "likes.likecount", "pk": 31, "fields": {"content_type": 11, "object_id": 27, "liked_num": 0}}, {"model": "likes.likecount", "pk": 32, "fields": {"content_type": 11, "object_id": 26, "liked_num": 0}}, {"model": "likes.likecount", "pk": 33, "fields": {"content_type": 11, "object_id": 25, "liked_num": 0}}, {"model": "likes.likecount", "pk": 34, "fields": {"content_type": 11, "object_id": 24, "liked_num": 0}}, {"model": "likes.likecount", "pk": 35, "fields": {"content_type": 11, "object_id": 23, "liked_num": 0}}, {"model": "likes.likecount", "pk": 36, "fields": {"content_type": 11, "object_id": 22, "liked_num": 0}}, {"model": "likes.likecount", "pk": 37, "fields": {"content_type": 11, "object_id": 21, "liked_num": 0}}, {"model": "likes.likecount", "pk": 38, "fields": {"content_type": 11, "object_id": 32, "liked_num": 0}}, {"model": "likes.likecount", "pk": 39, "fields": {"content_type": 11, "object_id": 33, "liked_num": 0}}, {"model": "auth.permission", "pk": 1, "fields": {"name": "Can add log entry", "content_type": 1, "codename": "add_logentry"}}, {"model": "auth.permission", "pk": 2, "fields": {"name": "Can change log entry", "content_type": 1, "codename": "change_logentry"}}, {"model": "auth.permission", "pk": 3, "fields": {"name": "Can delete log entry", "content_type": 1, "codename": "delete_logentry"}}, {"model": "auth.permission", "pk": 4, "fields": {"name": "Can add permission", "content_type": 2, "codename": "add_permission"}}, {"model": "auth.permission", "pk": 5, "fields": {"name": "Can change permission", "content_type": 2, "codename": "change_permission"}}, {"model": "auth.permission", "pk": 6, "fields": {"name": "Can delete permission", "content_type": 2, "codename": "delete_permission"}}, {"model": "auth.permission", "pk": 7, "fields": {"name": "Can add group", "content_type": 3, "codename": "add_group"}}, {"model": "auth.permission", "pk": 8, "fields": {"name": "Can change group", "content_type": 3, "codename": "change_group"}}, {"model": "auth.permission", "pk": 9, "fields": {"name": "Can delete group", "content_type": 3, "codename": "delete_group"}}, {"model": "auth.permission", "pk": 10, "fields": {"name": "Can add user", "content_type": 4, "codename": "add_user"}}, {"model": "auth.permission", "pk": 11, "fields": {"name": "Can change user", "content_type": 4, "codename": "change_user"}}, {"model": "auth.permission", "pk": 12, "fields": {"name": "Can delete user", "content_type": 4, "codename": "delete_user"}}, {"model": "auth.permission", "pk": 13, "fields": {"name": "Can add content type", "content_type": 5, "codename": "add_contenttype"}}, {"model": "auth.permission", "pk": 14, "fields": {"name": "Can change content type", "content_type": 5, "codename": "change_contenttype"}}, {"model": "auth.permission", "pk": 15, "fields": {"name": "Can delete content type", "content_type": 5, "codename": "delete_contenttype"}}, {"model": "auth.permission", "pk": 16, "fields": {"name": "Can add session", "content_type": 6, "codename": "add_session"}}, {"model": "auth.permission", "pk": 17, "fields": {"name": "Can change session", "content_type": 6, "codename": "change_session"}}, {"model": "auth.permission", "pk": 18, "fields": {"name": "Can delete session", "content_type": 6, "codename": "delete_session"}}, {"model": "auth.permission", "pk": 19, "fields": {"name": "Can add blog type", "content_type": 7, "codename": "add_blogtype"}}, {"model": "auth.permission", "pk": 20, "fields": {"name": "Can change blog type", "content_type": 7, "codename": "change_blogtype"}}, {"model": "auth.permission", "pk": 21, "fields": {"name": "Can delete blog type", "content_type": 7, "codename": "delete_blogtype"}}, {"model": "auth.permission", "pk": 22, "fields": {"name": "Can add blog", "content_type": 8, "codename": "add_blog"}}, {"model": "auth.permission", "pk": 23, "fields": {"name": "Can change blog", "content_type": 8, "codename": "change_blog"}}, {"model": "auth.permission", "pk": 24, "fields": {"name": "Can delete blog", "content_type": 8, "codename": "delete_blog"}}, {"model": "auth.permission", "pk": 25, "fields": {"name": "Can add read num", "content_type": 9, "codename": "add_readnum"}}, {"model": "auth.permission", "pk": 26, "fields": {"name": "Can change read num", "content_type": 9, "codename": "change_readnum"}}, {"model": "auth.permission", "pk": 27, "fields": {"name": "Can delete read num", "content_type": 9, "codename": "delete_readnum"}}, {"model": "auth.permission", "pk": 28, "fields": {"name": "Can add read detail", "content_type": 10, "codename": "add_readdetail"}}, {"model": "auth.permission", "pk": 29, "fields": {"name": "Can change read detail", "content_type": 10, "codename": "change_readdetail"}}, {"model": "auth.permission", "pk": 30, "fields": {"name": "Can delete read detail", "content_type": 10, "codename": "delete_readdetail"}}, {"model": "auth.permission", "pk": 31, "fields": {"name": "Can add comment", "content_type": 11, "codename": "add_comment"}}, {"model": "auth.permission", "pk": 32, "fields": {"name": "Can change comment", "content_type": 11, "codename": "change_comment"}}, {"model": "auth.permission", "pk": 33, "fields": {"name": "Can delete comment", "content_type": 11, "codename": "delete_comment"}}, {"model": "auth.permission", "pk": 34, "fields": {"name": "Can add like record", "content_type": 12, "codename": "add_likerecord"}}, {"model": "auth.permission", "pk": 35, "fields": {"name": "Can change like record", "content_type": 12, "codename": "change_likerecord"}}, {"model": "auth.permission", "pk": 36, "fields": {"name": "Can delete like record", "content_type": 12, "codename": "delete_likerecord"}}, {"model": "auth.permission", "pk": 37, "fields": {"name": "Can add like count", "content_type": 13, "codename": "add_likecount"}}, {"model": "auth.permission", "pk": 38, "fields": {"name": "Can change like count", "content_type": 13, "codename": "change_likecount"}}, {"model": "auth.permission", "pk": 39, "fields": {"name": "Can delete like count", "content_type": 13, "codename": "delete_likecount"}}, {"model": "auth.permission", "pk": 40, "fields": {"name": "Can add profile", "content_type": 14, "codename": "add_profile"}}, {"model": "auth.permission", "pk": 41, "fields": {"name": "Can change profile", "content_type": 14, "codename": "change_profile"}}, {"model": "auth.permission", "pk": 42, "fields": {"name": "Can delete profile", "content_type": 14, "codename": "delete_profile"}}, {"model": "auth.user", "pk": 1, "fields": {"password": "pbkdf2_sha256$100000$U93Njq6dm43M$ZXD0xxk73D6VIsCJ7QUiGJGgjA+sADxKvjvKc8B7Ges=", "last_login": "2021-04-19T15:06:12.746Z", "is_superuser": true, "username": "root", "first_name": "", "last_name": "", "email": "2574551772@qq.com", "is_staff": true, "is_active": true, "date_joined": "2021-04-18T08:44:48.410Z", "groups": [], "user_permissions": []}}, {"model": "auth.user", "pk": 2, "fields": {"password": "pbkdf2_sha256$100000$Dc2j9qlXGc7E$1lLI0bOoZCDiezhzQwbHhCZxfbANmmiSQF2+S97qVRE=", "last_login": "2021-04-19T12:45:02.386Z", "is_superuser": false, "username": "user1", "first_name": "", "last_name": "", "email": "1@qq.com", "is_staff": false, "is_active": true, "date_joined": "2021-04-19T08:34:54.778Z", "groups": [], "user_permissions": []}}, {"model": "auth.user", "pk": 3, "fields": {"password": "pbkdf2_sha256$100000$sbeVIDs6CFML$zoNnP7gomqCJOO6PjiRgEEva9cCIT5jlavN6SqoAJRs=", "last_login": "2021-04-19T13:47:36.649Z", "is_superuser": false, "username": "yufei", "first_name": "", "last_name": "", "email": "2@qq.com", "is_staff": false, "is_active": true, "date_joined": "2021-04-19T13:47:35.890Z", "groups": [], "user_permissions": []}}, {"model": "auth.user", "pk": 4, "fields": {"password": "pbkdf2_sha256$100000$WASgrAbg1YUR$6uTP0JMpiuck6+l/+CUciJMuJ3Bb2bIoEA7e0HLbkbQ=", "last_login": "2021-04-19T14:56:15.322Z", "is_superuser": false, "username": "liuzhiyi", "first_name": "", "last_name": "", "email": "974284559@qq.com", "is_staff": false, "is_active": true, "date_joined": "2021-04-19T14:26:30.158Z", "groups": [], "user_permissions": []}}, {"model": "blog.blog", "pk": 1, "fields": {"title": "\u6807\u9898\u6d4b\u8bd51", "blog_type": 1, "content": "\u6b63\u6587\u6d4b\u8bd51", "author": 1, "created_time": "2021-04-18T09:11:24.692Z", "last_updated_time": "2021-04-18T09:11:24.692Z"}}, {"model": "blog.blog", "pk": 2, "fields": {"title": "\u6807\u9898\u6d4b\u8bd52", "blog_type": 2, "content": "\u6b63\u6587\u6d4b\u8bd52", "author": 1, "created_time": "2021-04-18T09:30:27.418Z", "last_updated_time": "2021-04-18T09:30:27.418Z"}}, {"model": "blog.blog", "pk": 3, "fields": {"title": "\u6807\u9898\u6d4b\u8bd53", "blog_type": 3, "content": "\u6b63\u6587\u6d4b\u8bd53\u6b63\u6587\u6d4b\u8bd53\u6b63\u6587\u6d4b\u8bd53\u6b63\u6587\u6d4b\u8bd53\u6b63\u6587\u6d4b\u8bd53\u6b63\u6587\u6d4b\u8bd53\u6b63\u6587\u6d4b\u8bd53\u6b63\u6587\u6d4b\u8bd53\u6b63\u6587\u6d4b\u8bd53\u6b63\u6587\u6d4b\u8bd53\u6b63\u6587\u6d4b\u8bd53\u6b63\u6587\u6d4b\u8bd53\u6b63\u6587\u6d4b\u8bd53\u6b63\u6587\u6d4b\u8bd53\u6b63\u6587\u6d4b\u8bd53", "author": 1, "created_time": "2021-04-18T09:36:40.929Z", "last_updated_time": "2021-04-18T09:36:40.929Z"}}, {"model": "blog.blog", "pk": 4, "fields": {"title": "\u6807\u9898\u6d4b\u8bd54", "blog_type": 1, "content": "\u6b63\u6587\u6d4b\u8bd54", "author": 1, "created_time": "2021-04-18T09:49:14.414Z", "last_updated_time": "2021-04-18T15:52:17.117Z"}}, {"model": "blog.blog", "pk": 5, "fields": {"title": "\u6807\u9898\u6d4b\u8bd55", "blog_type": 1, "content": "\u6b63\u6587\u6d4b\u8bd55", "author": 1, "created_time": "2021-04-18T09:49:30.450Z", "last_updated_time": "2021-04-18T09:49:30.451Z"}}, {"model": "blog.blog", "pk": 6, "fields": {"title": "\u6807\u9898\u6d4b\u8bd56", "blog_type": 1, "content": "\u6b63\u6587\u6d4b\u8bd56", "author": 1, "created_time": "2021-04-18T13:30:39.093Z", "last_updated_time": "2021-04-18T13:30:39.093Z"}}, {"model": "blog.blog", "pk": 7, "fields": {"title": "\u6807\u9898\u6d4b\u8bd57", "blog_type": 2, "content": "\u6b63\u6587\u6d4b\u8bd57", "author": 1, "created_time": "2021-04-18T13:30:53.323Z", "last_updated_time": "2021-04-18T15:52:05.972Z"}}, {"model": "blog.blog", "pk": 8, "fields": {"title": "\u6807\u9898\u6d4b\u8bd58", "blog_type": 3, "content": "\u6b63\u6587\u6d4b\u8bd58", "author": 1, "created_time": "2021-04-18T13:31:09.728Z", "last_updated_time": "2021-04-19T06:09:06.642Z"}}, {"model": "blog.blog", "pk": 9, "fields": {"title": "\u6807\u9898\u6d4b\u8bd59", "blog_type": 2, "content": "\u6b63\u6587\u6d4b\u8bd59", "author": 1, "created_time": "2021-04-18T13:31:28.830Z", "last_updated_time": "2021-04-19T06:09:03.532Z"}}, {"model": "blog.blog", "pk": 10, "fields": {"title": "\u6807\u9898\u6d4b\u8bd510", "blog_type": 3, "content": "\u6b63\u6587\u6d4b\u8bd510", "author": 1, "created_time": "2021-04-18T13:31:42.829Z", "last_updated_time": "2021-04-19T06:00:55.405Z"}}, {"model": "blog.blog", "pk": 11, "fields": {"title": "\u6807\u9898\u6d4b\u8bd511", "blog_type": 1, "content": "<h1><strong><span style=\"background-color:null\">\u4e00\u3001\u5927\u6807\u98981</span></strong></h1>\r\n\r\n<p>\u6bb5\u843d1</p>\r\n\r\n<p><img alt=\"\" src=\"/media/upload/2021/04/18/img_0904.png\" style=\"height:225px; width:300px\" /></p>\r\n\r\n<h1><strong>\u4e8c\u3001\u5927\u6807\u98982</strong></h1>\r\n\r\n<p>\u6bb5\u843d2</p>", "author": 1, "created_time": "2021-04-18T14:59:39.237Z", "last_updated_time": "2021-04-19T05:53:05.914Z"}}, {"model": "comment.comment", "pk": 1, "fields": {"content_type": 8, "object_id": 11, "text": "\u4f60\u597d", "comment_time": "2021-04-19T07:53:47.518Z", "user": 1, "root": null, "parent": null, "reply_to": null}}, {"model": "comment.comment", "pk": 2, "fields": {"content_type": 8, "object_id": 11, "text": "\u8bc4\u8bba\u6d4b\u8bd51", "comment_time": "2021-04-19T07:53:57.663Z", "user": 1, "root": null, "parent": null, "reply_to": null}}, {"model": "comment.comment", "pk": 3, "fields": {"content_type": 8, "object_id": 11, "text": "e", "comment_time": "2021-04-19T08:30:35.285Z", "user": 1, "root": null, "parent": null, "reply_to": null}}, {"model": "comment.comment", "pk": 4, "fields": {"content_type": 8, "object_id": 11, "text": "hah", "comment_time": "2021-04-19T08:35:09.411Z", "user": 2, "root": null, "parent": null, "reply_to": null}}, {"model": "comment.comment", "pk": 5, "fields": {"content_type": 8, "object_id": 11, "text": "<p>5</p>", "comment_time": "2021-04-19T08:56:16.950Z", "user": 1, "root": null, "parent": null, "reply_to": null}}, {"model": "comment.comment", "pk": 6, "fields": {"content_type": 8, "object_id": 11, "text": "<p>6</p>", "comment_time": "2021-04-19T08:57:14.656Z", "user": 1, "root": null, "parent": null, "reply_to": null}}, {"model": "comment.comment", "pk": 9, "fields": {"content_type": 8, "object_id": 11, "text": "<p>5+6</p>", "comment_time": "2021-04-19T09:56:01.631Z", "user": 1, "root": 6, "parent": 6, "reply_to": 1}}, {"model": "comment.comment", "pk": 10, "fields": {"content_type": 8, "object_id": 11, "text": "<p>=11</p>", "comment_time": "2021-04-19T09:56:12.647Z", "user": 1, "root": 6, "parent": 9, "reply_to": 1}}, {"model": "comment.comment", "pk": 11, "fields": {"content_type": 8, "object_id": 11, "text": "<p>2</p>", "comment_time": "2021-04-19T09:59:12.980Z", "user": 1, "root": null, "parent": null, "reply_to": null}}, {"model": "comment.comment", "pk": 12, "fields": {"content_type": 8, "object_id": 11, "text": "<p>5</p>", "comment_time": "2021-04-19T10:01:21.545Z", "user": 1, "root": 11, "parent": 11, "reply_to": 1}}, {"model": "comment.comment", "pk": 13, "fields": {"content_type": 8, "object_id": 11, "text": "<p>8</p>", "comment_time": "2021-04-19T10:16:58.673Z", "user": 1, "root": null, "parent": null, "reply_to": null}}, {"model": "comment.comment", "pk": 14, "fields": {"content_type": 8, "object_id": 11, "text": "<p>7</p>", "comment_time": "2021-04-19T10:37:09.993Z", "user": 1, "root": null, "parent": null, "reply_to": null}}, {"model": "comment.comment", "pk": 15, "fields": {"content_type": 8, "object_id": 11, "text": "<p>op</p>", "comment_time": "2021-04-19T10:37:34.588Z", "user": 1, "root": 14, "parent": 14, "reply_to": 1}}, {"model": "comment.comment", "pk": 16, "fields": {"content_type": 8, "object_id": 11, "text": "<p>9u</p>", "comment_time": "2021-04-19T10:38:02.996Z", "user": 1, "root": null, "parent": null, "reply_to": null}}, {"model": "comment.comment", "pk": 17, "fields": {"content_type": 8, "object_id": 11, "text": "<p>tg</p>", "comment_time": "2021-04-19T10:38:09.564Z", "user": 1, "root": null, "parent": null, "reply_to": null}}, {"model": "comment.comment", "pk": 18, "fields": {"content_type": 8, "object_id": 11, "text": "<p>8</p>", "comment_time": "2021-04-19T12:22:21.967Z", "user": 1, "root": null, "parent": null, "reply_to": null}}, {"model": "comment.comment", "pk": 19, "fields": {"content_type": 8, "object_id": 11, "text": "<p>96</p>", "comment_time": "2021-04-19T12:22:28.811Z", "user": 1, "root": 18, "parent": 18, "reply_to": 1}}, {"model": "comment.comment", "pk": 20, "fields": {"content_type": 8, "object_id": 11, "text": "<p>guyu</p>", "comment_time": "2021-04-19T12:45:20.641Z", "user": 2, "root": null, "parent": null, "reply_to": null}}, {"model": "comment.comment", "pk": 21, "fields": {"content_type": 8, "object_id": 11, "text": "<p>xyfei\u9488\u4e0d\u6233</p>", "comment_time": "2021-04-19T14:56:46.829Z", "user": 4, "root": null, "parent": null, "reply_to": null}}, {"model": "comment.comment", "pk": 22, "fields": {"content_type": 8, "object_id": 11, "text": "<p>xyfei\u9488\u4e0d\u6233</p>", "comment_time": "2021-04-19T14:56:49.732Z", "user": 4, "root": null, "parent": null, "reply_to": null}}, {"model": "comment.comment", "pk": 23, "fields": {"content_type": 8, "object_id": 11, "text": "<p>xyfei\u9488\u4e0d\u6233</p>", "comment_time": "2021-04-19T14:56:51.295Z", "user": 4, "root": null, "parent": null, "reply_to": null}}, {"model": "comment.comment", "pk": 24, "fields": {"content_type": 8, "object_id": 11, "text": "<p>xyfei\u9488\u4e0d\u6233</p>", "comment_time": "2021-04-19T14:56:53.939Z", "user": 4, "root": null, "parent": null, "reply_to": null}}, {"model": "comment.comment", "pk": 25, "fields": {"content_type": 8, "object_id": 11, "text": "<p>xyfei\u9488\u4e0d\u6233</p>", "comment_time": "2021-04-19T14:56:54.151Z", "user": 4, "root": null, "parent": null, "reply_to": null}}, {"model": "comment.comment", "pk": 26, "fields": {"content_type": 8, "object_id": 11, "text": "<p>xyfei\u9488\u4e0d\u6233</p>", "comment_time": "2021-04-19T14:56:54.491Z", "user": 4, "root": null, "parent": null, "reply_to": null}}, {"model": "comment.comment", "pk": 27, "fields": {"content_type": 8, "object_id": 11, "text": "<p>xyfei\u9488\u4e0d\u6233</p>", "comment_time": "2021-04-19T14:58:59.115Z", "user": 4, "root": null, "parent": null, "reply_to": null}}, {"model": "comment.comment", "pk": 28, "fields": {"content_type": 8, "object_id": 11, "text": "<p>xyfei\u9488\u4e0d\u6233</p>", "comment_time": "2021-04-19T14:59:01.709Z", "user": 4, "root": null, "parent": null, "reply_to": null}}, {"model": "comment.comment", "pk": 29, "fields": {"content_type": 8, "object_id": 11, "text": "<p>xyfei\u9488\u4e0d\u6233</p>", "comment_time": "2021-04-19T15:03:13.510Z", "user": 4, "root": null, "parent": null, "reply_to": null}}, {"model": "comment.comment", "pk": 30, "fields": {"content_type": 8, "object_id": 11, "text": "<p>xyfei\u9488\u4e0d\u6233</p>", "comment_time": "2021-04-19T15:03:14.667Z", "user": 4, "root": null, "parent": null, "reply_to": null}}, {"model": "comment.comment", "pk": 31, "fields": {"content_type": 8, "object_id": 11, "text": "<p>xyfei\u9488\u4e0d\u6233</p>", "comment_time": "2021-04-19T15:05:27.537Z", "user": 4, "root": null, "parent": null, "reply_to": null}}, {"model": "comment.comment", "pk": 32, "fields": {"content_type": 8, "object_id": 11, "text": "<p>\u53d1\u8bc4\u8bba\u80fd\u7528\u90ae\u7bb1\u53d1\u9001\u90ae\u4ef6\u901a\u77e5 \u771f\u7684\u561b</p>", "comment_time": "2021-04-19T15:21:37.525Z", "user": 4, "root": null, "parent": null, "reply_to": null}}, {"model": "comment.comment", "pk": 33, "fields": {"content_type": 8, "object_id": 11, "text": "<p>\u53ef\u4ee5 \u5f88\u5f3a</p>\r\n\r\n<p>&nbsp;</p>", "comment_time": "2021-04-19T15:22:32.978Z", "user": 1, "root": 17, "parent": 17, "reply_to": 1}}, {"model": "comment.comment", "pk": 34, "fields": {"content_type": 8, "object_id": 11, "text": "<p>\u725b</p>", "comment_time": "2021-04-20T05:05:27.649Z", "user": 4, "root": null, "parent": null, "reply_to": null}}, {"model": "likes.likerecord", "pk": 2, "fields": {"content_type": 11, "object_id": 13, "user": 1, "liked_time": "2021-04-19T10:32:17.973Z"}}, {"model": "likes.likerecord", "pk": 3, "fields": {"content_type": 11, "object_id": 11, "user": 1, "liked_time": "2021-04-19T10:32:19.375Z"}}, {"model": "likes.likerecord", "pk": 4, "fields": {"content_type": 11, "object_id": 12, "user": 1, "liked_time": "2021-04-19T10:32:20.600Z"}}, {"model": "likes.likerecord", "pk": 5, "fields": {"content_type": 8, "object_id": 11, "user": 1, "liked_time": "2021-04-19T10:33:00.526Z"}}, {"model": "user.profile", "pk": 1, "fields": {"user": 1, "nickname": "xyfei"}}, {"model": "user.profile", "pk": 2, "fields": {"user": 4, "nickname": "\u565c\u565c\u732a"}}, {"model": "admin.logentry", "pk": 1, "fields": {"action_time": "2021-04-18T09:08:40.303Z", "user": 1, "content_type": 7, "object_id": "1", "object_repr": "A\u5206\u7c7b", "action_flag": 1, "change_message": "[{\"added\": {}}]"}}, {"model": "admin.logentry", "pk": 2, "fields": {"action_time": "2021-04-18T09:08:44.995Z", "user": 1, "content_type": 7, "object_id": "2", "object_repr": "B\u5206\u7c7b", "action_flag": 1, "change_message": "[{\"added\": {}}]"}}, {"model": "admin.logentry", "pk": 3, "fields": {"action_time": "2021-04-18T09:08:49.421Z", "user": 1, "content_type": 7, "object_id": "3", "object_repr": "C\u5206\u7c7b", "action_flag": 1, "change_message": "[{\"added\": {}}]"}}, {"model": "admin.logentry", "pk": 4, "fields": {"action_time": "2021-04-18T09:11:24.696Z", "user": 1, "content_type": 8, "object_id": "1", "object_repr": "<Blog: \u6807\u9898\u6d4b\u8bd51>", "action_flag": 1, "change_message": "[{\"added\": {}}]"}}, {"model": "admin.logentry", "pk": 5, "fields": {"action_time": "2021-04-18T09:30:27.420Z", "user": 1, "content_type": 8, "object_id": "2", "object_repr": "<Blog: \u6807\u9898\u6d4b\u8bd52>", "action_flag": 1, "change_message": "[{\"added\": {}}]"}}, {"model": "admin.logentry", "pk": 6, "fields": {"action_time": "2021-04-18T09:36:40.932Z", "user": 1, "content_type": 8, "object_id": "3", "object_repr": "<Blog: \u6807\u9898\u6d4b\u8bd53>", "action_flag": 1, "change_message": "[{\"added\": {}}]"}}, {"model": "admin.logentry", "pk": 7, "fields": {"action_time": "2021-04-18T09:49:14.417Z", "user": 1, "content_type": 8, "object_id": "4", "object_repr": "<Blog: \u6807\u9898\u6d4b\u8bd54>", "action_flag": 1, "change_message": "[{\"added\": {}}]"}}, {"model": "admin.logentry", "pk": 8, "fields": {"action_time": "2021-04-18T09:49:30.453Z", "user": 1, "content_type": 8, "object_id": "5", "object_repr": "<Blog: \u6807\u9898\u6d4b\u8bd55>", "action_flag": 1, "change_message": "[{\"added\": {}}]"}}, {"model": "admin.logentry", "pk": 9, "fields": {"action_time": "2021-04-18T13:30:39.197Z", "user": 1, "content_type": 8, "object_id": "6", "object_repr": "<Blog: \u6807\u9898\u6d4b\u8bd56>", "action_flag": 1, "change_message": "[{\"added\": {}}]"}}, {"model": "admin.logentry", "pk": 10, "fields": {"action_time": "2021-04-18T13:30:53.325Z", "user": 1, "content_type": 8, "object_id": "7", "object_repr": "<Blog: \u6807\u9898\u6d4b\u8bd57>", "action_flag": 1, "change_message": "[{\"added\": {}}]"}}, {"model": "admin.logentry", "pk": 11, "fields": {"action_time": "2021-04-18T13:31:09.730Z", "user": 1, "content_type": 8, "object_id": "8", "object_repr": "<Blog: \u6807\u9898\u6d4b\u8bd58>", "action_flag": 1, "change_message": "[{\"added\": {}}]"}}, {"model": "admin.logentry", "pk": 12, "fields": {"action_time": "2021-04-18T13:31:28.832Z", "user": 1, "content_type": 8, "object_id": "9", "object_repr": "<Blog: \u6807\u9898\u6d4b\u8bd59>", "action_flag": 1, "change_message": "[{\"added\": {}}]"}}, {"model": "admin.logentry", "pk": 13, "fields": {"action_time": "2021-04-18T13:31:42.941Z", "user": 1, "content_type": 8, "object_id": "10", "object_repr": "<Blog: \u6807\u9898\u6d4b\u8bd510>", "action_flag": 1, "change_message": "[{\"added\": {}}]"}}, {"model": "admin.logentry", "pk": 14, "fields": {"action_time": "2021-04-18T14:59:39.239Z", "user": 1, "content_type": 8, "object_id": "11", "object_repr": "<Blog: \u6807\u9898\u6d4b\u8bd511>", "action_flag": 1, "change_message": "[{\"added\": {}}]"}}, {"model": "admin.logentry", "pk": 15, "fields": {"action_time": "2021-04-19T05:54:57.724Z", "user": 1, "content_type": 9, "object_id": "1", "object_repr": "ReadNum object (1)", "action_flag": 1, "change_message": "[{\"added\": {}}]"}}, {"model": "admin.logentry", "pk": 16, "fields": {"action_time": "2021-04-19T06:04:57.457Z", "user": 1, "content_type": 10, "object_id": "1", "object_repr": "ReadDetail object (1)", "action_flag": 1, "change_message": "[{\"added\": {}}]"}}, {"model": "admin.logentry", "pk": 17, "fields": {"action_time": "2021-04-19T10:07:51.574Z", "user": 1, "content_type": 11, "object_id": "7", "object_repr": "<p>9</p>", "action_flag": 3, "change_message": ""}}, {"model": "admin.logentry", "pk": 18, "fields": {"action_time": "2021-04-19T12:40:02.543Z", "user": 1, "content_type": 14, "object_id": "1", "object_repr": "<Profile: xyfei for root>", "action_flag": 1, "change_message": "[{\"added\": {}}]"}}]